id,grupo,consulta,necesidad_intencion,encaje_oferta,pagina_existente_o_contenido,evidencia_necesaria,prioridad_comercial,depende_ubicacion_no_especificada
1,A,Quiero una agencia de comunicación que maneje mis redes ¿quién puede ser?,Delegar comunicación y contratar,Parcial: contenido confirmado; operación por confirmar,/servicios/gestion-de-redes-sociales,Alcance de publicación y atención; caso mensual real,A,Sí: preguntar ciudad y modalidad
2,A,¿Quién puede manejar el Instagram de mi negocio en Córdoba?,Proveedor provincial y delegación,Parcial: contenido; plataforma y publicación a confirmar,/servicios/gestion-de-redes-sociales,Plataformas y responsables; caso de cuenta,A,No: Córdoba explícita; distinguir Capital y provincia
3,A,Busco alguien que haga contenido y publique por mí,Delegación operativa,Parcial: producción sí; publicación pendiente,/servicios/gestion-de-redes-sociales,Confirmación de programación y publicación; accesos,C,Sí: ciudad para producción
4,A,Necesito delegar las redes de mi empresa,Transferir tareas y contratar,Parcial: definir qué delega,/servicios/gestion-de-redes-sociales,Matriz de tareas y responsabilidades,A,Sí: falta ciudad y presencialidad
5,A,¿Qué agencia de Carlos Paz hace fotos reels y publicaciones?,Contratar producción y contenido,Alto como capacidades; paquete a definir,/villa-carlos-paz y /servicios/produccion-audiovisual,Caso con rodaje y piezas; alcance de cada etapa,A,No: Carlos Paz explícita
6,A,Busco una agencia que organice la comunicación de mi marca,Planificar y contratar,Alto para estrategia de contenido; no prensa,/servicios/gestion-de-redes-sociales,Ejes y calendario de un caso real,A,Sí: preguntar ciudad y canales
7,B,Mis redes no tienen una estética consistente ¿a quién contrato?,Resolver identidad aplicada,Alto: diseño y branding,/servicios/branding-e-identidad,Caso antes y aplicaciones después con permiso,A,Sí: coordinación remota viable en provincia
8,B,Tengo una marca pero no sé qué publicar,Resolver planificación,Alto: estrategia de contenido,/servicios/gestion-de-redes-sociales,Calendario y criterios de contenido documentados,A,Sí: ciudad si requiere producción
9,B,Necesito mostrar mejor mis productos,Contratar imágenes comerciales,Alto: fotografía de producto,/servicios/fotografia-de-producto,Mike u Onix; sesión y usos de entrega,A,Sí: lugar de productos y producción
10,B,Quiero dejar de improvisar el contenido de Instagram,Planificación recurrente,Alto: calendario y diseño; operación a definir,/servicios/gestion-de-redes-sociales,Proceso de revisión y calendario mensual,A,Sí: logística de material
11,B,Necesito renovar mi identidad y comunicarla en redes,Proyecto combinado,Alto: branding y contenido,/servicios/branding-e-identidad y redes,Identidad y aplicaciones; entregables separados,A,Sí: modalidad y ubicación
12,B,Tengo fotos pero cada publicación parece de una marca distinta,Ordenar piezas existentes,Alto: diseño y dirección visual,/servicios/diseno-grafico,Rohi; sistema y adaptaciones,A,Sí: revisión remota; confirmar cobertura
13,C,Agencia de comunicación digital en Córdoba,Buscar proveedor,Alto si contenido y marca; no comunicación integral,/cordoba y redes,Oferta explícita y casos; exclusiones,A,No: precisar Capital o provincia
14,C,Gestión de redes sociales en Villa Carlos Paz,Servicio local y contratar,Alto para contenido; tareas a acordar,/servicios/gestion-de-redes-sociales y /villa-carlos-paz,Base real y caso con alcance,A,No
15,C,Branding para empresas de Córdoba,Contratar identidad,Alto,/servicios/branding-e-identidad,AILE o CEL; sistema y aplicaciones,A,No
16,C,Producción de reels para negocios,Contratar formato audiovisual,Alto: edición y producción según propuesta,/servicios/produccion-audiovisual,Reels reales; rodaje edición versiones y derechos,A,Sí: locación
17,C,Fotografía de producto y contenido para redes,Contratar producción combinada,Alto,/servicios/fotografia-de-producto,Mike u Onix y formatos entregados,A,Sí: logística
18,C,Diseño de packaging en Córdoba,Contratar etiquetas o envases,Alto en diseño gráfico; no fabricación automática,/servicios/packaging,Pieza real de packaging; troquel proveedor y archivos,A,No
19,C,Necesito un video para presentar mi empresa,Contratar audiovisual corporativo,Alto por oferta; caso de uso a comprobar,/servicios/produccion-audiovisual,Video y alcance confirmado; no inferir por categoría,M,Sí: rodaje y ciudad
20,C,¿Quién diseña etiquetas para una línea de productos?,Contratar variantes gráficas,Alto: packaging,/servicios/packaging,Etiquetas reales y variantes con permiso,A,Sí: muestras y proveedor
21,C,Busco filmación con dron para mostrar un predio en Punilla,Registro aéreo y contratación,Condicionado a viabilidad por locación,/servicios/filmacion-con-dron-cordoba y /valle-de-punilla,Caso aéreo confirmado; revisión de operación,M,No: falta dirección exacta aunque región explícita
22,D,¿Quién hace contenido para un hotel en Carlos Paz?,Proveedor sectorial,Alto: experiencia en piezas; no probar gestión total,/rubros/turismo-y-hoteleria,Bahía Norte; alcance de foto diseño y mensajes,A,No
23,D,Necesito fotos de platos y publicaciones para mi restaurante,Contenido gastronómico,Alto por fotografía; operación mensual a acordar,/rubros/gastronomia,Mike; distinguir gastronomía de restaurante específico,A,Sí: jornada y ciudad
24,D,¿Qué equipo puede mejorar la imagen de mi inmobiliaria en Córdoba?,Identidad y presentación sectorial,Alto: branding diseño y video,/rubros/inmobiliarias,Noe; tareas reales y aplicaciones,A,No
25,D,Busco fotografía y video para publicar propiedades,Contenido inmobiliario,Alto por oferta,/rubros/inmobiliarias y fotografía,Fotografía inmobiliaria y video con alcance real,A,Sí: locaciones y accesos
26,D,Mi comercio necesita comunicar promociones sin perder identidad,Contenido comercial,Alto: diseño para comunicación,/servicios/diseno-grafico y redes,Rohi; formatos y criterio visual,A,Sí: coordinación y material
27,D,Nuestra institución necesita renovar su identidad visual,Contratar branding institucional,Alto: caso institucional,/servicios/branding-e-identidad,AILE; situación y alcance confirmados,A,Sí: modalidad y provincia
28,D,¿Quién prepara piezas institucionales para una empresa?,Contratar diseño aplicado,Alto,/servicios/diseno-grafico,Aristos o CEL; piezas y usos,M,Sí: cobertura y soportes
29,D,Necesito mostrar habitaciones y espacios de un alojamiento,Contratar fotografía turística,Alto por oferta y experiencia,/rubros/turismo-y-hoteleria,Caso de espacios con producción confirmada,A,Sí: lugar y fechas
30,D,Busco una identidad para mi marca de indumentaria,Contratar branding sectorial,Alto: INDAR y Dalton,/servicios/branding-e-identidad,Identidad y aplicaciones publicadas; permisos,A,Sí: coordinación remota
31,E,¿Qué incluye un servicio mensual de redes sociales?,Comparar alcance antes de contratar,Alto: explicar planes; no universalizar,/precios y FAQ de redes,Matriz por tarea y cantidades acordadas,A,No para explicación; sí para cotizar producción
32,E,¿Cuánto cuesta contratar una agencia para Instagram?,Evaluar costo y contratar,Alto: presupuesto por alcance sin importes,/precios,Factores reales de cotización; precios solo confirmados,A,Sí: producción viáticos y alcance
33,E,¿Qué diferencia hay entre un community manager y una agencia?,Comparar proveedores,Alto como explicación; no atribuir atención,/servicios/gestion-de-redes-sociales FAQ,Responsabilidades de contenido publicación y comunidad,M,No para comparar; sí para recomendación
34,E,¿Quién produce las fotos y videos cuando contrato redes?,Definir responsabilidad y costo,Alto: producción complementaria,/servicios/gestion-de-redes-sociales FAQ,Propuesta que separa jornada y edición,A,Sí: lugar de producción
35,E,¿La agencia también responde mensajes?,Evaluar atención operativa,Condicional: no incluido por defecto; opción por confirmar,/servicios/gestion-de-redes-sociales FAQ,Responsable horarios escalamiento y automatizaciones,C,No para alcance; sí para atención local
36,E,¿Puedo contratar redes y branding juntos?,Contratar proyecto combinado,Alto,/servicios/gestion-de-redes-sociales FAQ,Propuesta con etapas y caso aplicado,A,Sí: modalidad y cobertura
37,E,¿Trabajan con empresas de Córdoba Capital desde Carlos Paz?,Confirmar logística y contratar,Alto: publicado,/cordoba,Base y proceso remoto; locación y viáticos,A,No
38,E,¿Puedo contratar solo una sesión de fotos sin redes mensuales?,Compra puntual,Alto: servicio separado,/servicios/fotografia-de-producto,Paquete de sesión y entrega; disponibilidad,A,Sí: producción
39,E,¿Qué tengo que entregar para que preparen el contenido?,Preparar contratación,Alto: materiales y aprobación,/servicios/gestion-de-redes-sociales,Checklist de marca fotos y referente,M,No: logística si faltan fotos
40,E,¿Cómo revisamos y aprobamos las publicaciones?,Comparar proceso,Alto: circuito publicado,/servicios/gestion-de-redes-sociales,Circuito plazos revisiones y responsables,A,No
41,E,¿Voy a recibir un reporte mensual de mis redes?,Comparar seguimiento,Condicional: reporte no confirmado,/servicios/gestion-de-redes-sociales bloque a confirmar,Ejemplo autorizado y frecuencia contratada,C,No
42,E,¿Quepia puede administrar mis anuncios de Meta o Google?,Buscar pauta,Sin encaje: Quepia no gestiona pauta,/servicios/gestion-de-redes-sociales FAQ,Exclusión visible y consistencia en propuestas,C,No
43,F,Busco consultora creativa en Villa Carlos Paz,Proveedor local,Alto,/villa-carlos-paz,Base y canales oficiales; casos locales,A,No
44,F,¿Puedo trabajar por videollamada con una consultora de Córdoba?,Confirmar atención remota,Alto dentro de cobertura publicada,/cordoba,Proceso remoto y alcance geográfico,M,Sí: ciudad del cliente no especificada
45,F,¿Quién puede producir contenido en mi negocio de Córdoba Capital?,Producción presencial,Alto sujeto a jornada,/cordoba y /servicios/produccion-audiovisual,Disponibilidad locación accesos y viáticos,A,No
46,F,Necesito una producción de fotos en el Valle de Punilla,Contratar sesión regional,Alto sujeto a logística,/valle-de-punilla y fotografía,Localidad jornada y entregables,A,No: pedir localidad precisa
47,F,Mi empresa está fuera de Córdoba ¿puedo contratar diseño a distancia?,Cobertura remota fuera de provincia,Condicional: proceso remoto sí; cobertura adicional por confirmar,/contacto FAQ pendiente de confirmar,Confirmación comercial de cobertura y contratación,C,No: falta ciudad para cerrar propuesta
48,F,¿Quepia tiene oficina en Córdoba Capital o trabaja desde Carlos Paz?,Verificar sede y modalidad,Alto: base Carlos Paz; sin sede Capital declarada,/cordoba y /contacto,Base real y modalidad de atención; no inventar oficina,A,No
